-- MySQL dump 10.13  Distrib 8.0.32, for Linux (x86_64)
--
-- Host: localhost    Database: CarCarO
-- ------------------------------------------------------
-- Server version	8.0.32-0ubuntu0.22.04.2

/*!40101 SET @OLD_CHARACTER_SET_CLIENT=@@CHARACTER_SET_CLIENT */;
/*!40101 SET @OLD_CHARACTER_SET_RESULTS=@@CHARACTER_SET_RESULTS */;
/*!40101 SET @OLD_COLLATION_CONNECTION=@@COLLATION_CONNECTION */;
/*!50503 SET NAMES utf8mb4 */;
/*!40103 SET @OLD_TIME_ZONE=@@TIME_ZONE */;
/*!40103 SET TIME_ZONE='+00:00' */;
/*!40014 SET @OLD_UNIQUE_CHECKS=@@UNIQUE_CHECKS, UNIQUE_CHECKS=0 */;
/*!40014 SET @OLD_FOREIGN_KEY_CHECKS=@@FOREIGN_KEY_CHECKS, FOREIGN_KEY_CHECKS=0 */;
/*!40101 SET @OLD_SQL_MODE=@@SQL_MODE, SQL_MODE='NO_AUTO_VALUE_ON_ZERO' */;
/*!40111 SET @OLD_SQL_NOTES=@@SQL_NOTES, SQL_NOTES=0 */;

--
-- Table structure for table `boards`
--

DROP TABLE IF EXISTS `boards`;
/*!40101 SET @saved_cs_client     = @@character_set_client */;
/*!50503 SET character_set_client = utf8mb4 */;
CREATE TABLE `boards` (
  `postId` bigint NOT NULL AUTO_INCREMENT,
  `title` varchar(100) CHARACTER SET utf8mb4 COLLATE utf8mb4_0900_ai_ci NOT NULL,
  `content` varchar(255) NOT NULL,
  `createdAt` datetime NOT NULL,
  `updatedAt` datetime NOT NULL,
  `user_id` varchar(100) NOT NULL,
  `grade` int NOT NULL DEFAULT '1',
  PRIMARY KEY (`postId`),
  KEY `boards_FK` (`user_id`),
  CONSTRAINT `boards_FK` FOREIGN KEY (`user_id`) REFERENCES `users` (`id`)
) ENGINE=InnoDB AUTO_INCREMENT=1058 DEFAULT CHARSET=utf8mb4 COLLATE=utf8mb4_0900_ai_ci;
/*!40101 SET character_set_client = @saved_cs_client */;

--
-- Dumping data for table `boards`
--

LOCK TABLES `boards` WRITE;
/*!40000 ALTER TABLE `boards` DISABLE KEYS */;
INSERT INTO `boards` VALUES (550,'451','451','2023-04-26 00:01:43','2023-04-26 05:18:43','skm06282',1),(551,'54','54','2023-04-26 00:01:46','2023-04-26 05:18:42','skm06282',1),(552,'1313','1313','2023-04-24 11:13:42','2023-04-24 11:13:42','skm06282',1),(553,'으아아아','아아아','2023-04-24 11:13:48','2023-04-24 11:13:48','skm06282',1),(554,'ㅇㅇㅇㅇㅇㅇ','ㅇㅇㅇㅇㅇㅇㅇㅇㅇㅇ','2023-04-24 11:13:57','2023-04-24 11:13:57','skm06282',1),(555,'444','444','2023-04-24 11:16:25','2023-04-24 11:16:25','skm06282',1),(556,'555','555','2023-04-24 11:18:59','2023-04-24 11:18:59','skm06282',1),(557,'33','33','2023-04-24 12:38:20','2023-04-24 12:38:20','skm06282',1),(558,'33','333','2023-04-24 12:38:25','2023-04-24 12:38:25','skm06282',1),(559,'444','444','2023-04-24 12:38:28','2023-04-24 12:38:28','skm06282',1),(560,'55','555','2023-04-24 12:38:30','2023-04-24 12:38:30','skm06282',1),(561,'66','666','2023-04-24 12:38:33','2023-04-24 12:38:33','skm06282',1),(562,'77','777','2023-04-24 12:38:35','2023-04-24 12:38:35','skm06282',1),(564,'313','13','2023-04-24 12:38:46','2023-04-24 12:38:46','skm06282',1),(565,'414','14','2023-04-24 12:38:48','2023-04-24 12:38:48','skm06282',1),(566,'551','1515','2023-04-24 12:38:52','2023-04-24 12:38:52','skm06282',1),(567,'4421','21323','2023-04-24 12:38:55','2023-04-24 12:38:55','skm06282',1),(568,'4421','21323','2023-04-25 07:12:38','2023-04-25 07:12:38','skm06282',1),(569,'4421','21323','2023-04-25 07:12:47','2023-04-25 07:12:47','skm06282',1),(570,'1313','1313','2023-04-24 11:13:42','2023-04-24 11:13:42','skm06282',1),(571,'으아아아','아아아','2023-04-24 11:13:48','2023-04-24 11:13:48','skm06282',1),(572,'ㅇㅇㅇㅇㅇㅇ','ㅇㅇㅇㅇㅇㅇㅇㅇㅇㅇ','2023-04-24 11:13:57','2023-04-24 11:13:57','skm06282',1),(573,'444','444','2023-04-24 11:16:25','2023-04-24 11:16:25','skm06282',1),(574,'555','555','2023-04-24 11:18:59','2023-04-24 11:18:59','skm06282',1),(575,'33','33','2023-04-24 12:38:20','2023-04-24 12:38:20','skm06282',1),(576,'33','333','2023-04-24 12:38:25','2023-04-24 12:38:25','skm06282',1),(577,'444','444','2023-04-24 12:38:28','2023-04-24 12:38:28','skm06282',1),(578,'55','555','2023-04-24 12:38:30','2023-04-24 12:38:30','skm06282',1),(579,'66','666','2023-04-24 12:38:33','2023-04-24 12:38:33','skm06282',1),(580,'77','777','2023-04-24 12:38:35','2023-04-24 12:38:35','skm06282',1),(582,'313','13','2023-04-24 12:38:46','2023-04-24 12:38:46','skm06282',1),(583,'414','14','2023-04-24 12:38:48','2023-04-24 12:38:48','skm06282',1),(584,'551','1515','2023-04-24 12:38:52','2023-04-24 12:38:52','skm06282',1),(585,'4421','21323','2023-04-24 12:38:55','2023-04-24 12:38:55','skm06282',1),(586,'4421','21323','2023-04-25 07:12:38','2023-04-25 07:12:38','skm06282',1),(587,'4421','21323','2023-04-25 07:12:47','2023-04-25 07:12:47','skm06282',1),(588,'1313','1313','2023-04-24 11:13:42','2023-04-24 11:13:42','skm06282',1),(589,'으아아아','아아아','2023-04-24 11:13:48','2023-04-24 11:13:48','skm06282',1),(590,'ㅇㅇㅇㅇㅇㅇ','ㅇㅇㅇㅇㅇㅇㅇㅇㅇㅇ','2023-04-24 11:13:57','2023-04-24 11:13:57','skm06282',1),(591,'444','444','2023-04-24 11:16:25','2023-04-24 11:16:25','skm06282',1),(592,'555','555','2023-04-24 11:18:59','2023-04-24 11:18:59','skm06282',1),(593,'33','33','2023-04-24 12:38:20','2023-04-24 12:38:20','skm06282',1),(594,'33','333','2023-04-24 12:38:25','2023-04-24 12:38:25','skm06282',1),(595,'444','444','2023-04-24 12:38:28','2023-04-24 12:38:28','skm06282',1),(596,'55','555','2023-04-24 12:38:30','2023-04-24 12:38:30','skm06282',1),(597,'66','666','2023-04-24 12:38:33','2023-04-24 12:38:33','skm06282',1),(598,'77','777','2023-04-24 12:38:35','2023-04-24 12:38:35','skm06282',1),(600,'313','13','2023-04-24 12:38:46','2023-04-24 12:38:46','skm06282',1),(601,'414','14','2023-04-24 12:38:48','2023-04-24 12:38:48','skm06282',1),(602,'551','1515','2023-04-24 12:38:52','2023-04-24 12:38:52','skm06282',1),(603,'4421','21323','2023-04-24 12:38:55','2023-04-24 12:38:55','skm06282',1),(604,'4421','21323','2023-04-25 07:12:38','2023-04-25 07:12:38','skm06282',1),(605,'4421','21323','2023-04-25 07:12:47','2023-04-25 07:12:47','skm06282',1),(606,'1313','1313','2023-04-24 11:13:42','2023-04-24 11:13:42','skm06282',1),(607,'으아아아','아아아','2023-04-24 11:13:48','2023-04-24 11:13:48','skm06282',1),(608,'ㅇㅇㅇㅇㅇㅇ','ㅇㅇㅇㅇㅇㅇㅇㅇㅇㅇ','2023-04-24 11:13:57','2023-04-24 11:13:57','skm06282',1),(609,'444','444','2023-04-24 11:16:25','2023-04-24 11:16:25','skm06282',1),(610,'555','555','2023-04-24 11:18:59','2023-04-24 11:18:59','skm06282',1),(611,'33','33','2023-04-24 12:38:20','2023-04-24 12:38:20','skm06282',1),(612,'33','333','2023-04-24 12:38:25','2023-04-24 12:38:25','skm06282',1),(613,'444','444','2023-04-24 12:38:28','2023-04-24 12:38:28','skm06282',1),(614,'55','555','2023-04-24 12:38:30','2023-04-24 12:38:30','skm06282',1),(615,'66','666','2023-04-24 12:38:33','2023-04-24 12:38:33','skm06282',1),(616,'77','777','2023-04-24 12:38:35','2023-04-24 12:38:35','skm06282',1),(618,'313','13','2023-04-24 12:38:46','2023-04-24 12:38:46','skm06282',1),(619,'414','14','2023-04-24 12:38:48','2023-04-24 12:38:48','skm06282',1),(620,'551','1515','2023-04-24 12:38:52','2023-04-24 12:38:52','skm06282',1),(621,'4421','21323','2023-04-24 12:38:55','2023-04-24 12:38:55','skm06282',1),(622,'4421','21323','2023-04-25 07:12:38','2023-04-25 07:12:38','skm06282',1),(623,'4421','21323','2023-04-25 07:12:47','2023-04-25 07:12:47','skm06282',1),(624,'1313','1313','2023-04-24 11:13:42','2023-04-24 11:13:42','skm06282',1),(625,'으아아아','아아아','2023-04-24 11:13:48','2023-04-24 11:13:48','skm06282',1),(626,'ㅇㅇㅇㅇㅇㅇ','ㅇㅇㅇㅇㅇㅇㅇㅇㅇㅇ','2023-04-24 11:13:57','2023-04-24 11:13:57','skm06282',1),(627,'444','444','2023-04-24 11:16:25','2023-04-24 11:16:25','skm06282',1),(628,'555','555','2023-04-24 11:18:59','2023-04-24 11:18:59','skm06282',1),(629,'33','33','2023-04-24 12:38:20','2023-04-24 12:38:20','skm06282',1),(630,'33','333','2023-04-24 12:38:25','2023-04-24 12:38:25','skm06282',1),(631,'444','444','2023-04-24 12:38:28','2023-04-24 12:38:28','skm06282',1),(632,'55','555','2023-04-24 12:38:30','2023-04-24 12:38:30','skm06282',1),(633,'66','666','2023-04-24 12:38:33','2023-04-24 12:38:33','skm06282',1),(634,'77','777','2023-04-24 12:38:35','2023-04-24 12:38:35','skm06282',1),(636,'313','13','2023-04-24 12:38:46','2023-04-24 12:38:46','skm06282',1),(637,'414','14','2023-04-24 12:38:48','2023-04-24 12:38:48','skm06282',1),(638,'551','1515','2023-04-24 12:38:52','2023-04-24 12:38:52','skm06282',1),(639,'4421','21323','2023-04-24 12:38:55','2023-04-24 12:38:55','skm06282',1),(640,'4421','21323','2023-04-25 07:12:38','2023-04-25 07:12:38','skm06282',1),(641,'4421','21323','2023-04-25 07:12:47','2023-04-25 07:12:47','skm06282',1),(642,'1313','1313','2023-04-24 11:13:42','2023-04-24 11:13:42','skm06282',1),(643,'으아아아','아아아','2023-04-24 11:13:48','2023-04-24 11:13:48','skm06282',1),(644,'ㅇㅇㅇㅇㅇㅇ','ㅇㅇㅇㅇㅇㅇㅇㅇㅇㅇ','2023-04-24 11:13:57','2023-04-24 11:13:57','skm06282',1),(645,'444','444','2023-04-24 11:16:25','2023-04-24 11:16:25','skm06282',1),(646,'555','555','2023-04-24 11:18:59','2023-04-24 11:18:59','skm06282',1),(647,'33','33','2023-04-24 12:38:20','2023-04-24 12:38:20','skm06282',1),(648,'33','333','2023-04-24 12:38:25','2023-04-24 12:38:25','skm06282',1),(649,'444','444','2023-04-24 12:38:28','2023-04-24 12:38:28','skm06282',1),(650,'55','555','2023-04-24 12:38:30','2023-04-24 12:38:30','skm06282',1),(651,'66','666','2023-04-24 12:38:33','2023-04-24 12:38:33','skm06282',1),(652,'77','777','2023-04-24 12:38:35','2023-04-24 12:38:35','skm06282',1),(654,'313','13','2023-04-24 12:38:46','2023-04-24 12:38:46','skm06282',1),(655,'414','14','2023-04-24 12:38:48','2023-04-24 12:38:48','skm06282',1),(656,'551','1515','2023-04-24 12:38:52','2023-04-24 12:38:52','skm06282',1),(657,'4421','21323','2023-04-24 12:38:55','2023-04-24 12:38:55','skm06282',1),(658,'4421','21323','2023-04-25 07:12:38','2023-04-25 07:12:38','skm06282',1),(659,'4421','21323','2023-04-25 07:12:47','2023-04-25 07:12:47','skm06282',1),(660,'1313','1313','2023-04-24 11:13:42','2023-04-24 11:13:42','skm06282',1),(661,'으아아아','아아아','2023-04-24 11:13:48','2023-04-24 11:13:48','skm06282',1),(662,'ㅇㅇㅇㅇㅇㅇ','ㅇㅇㅇㅇㅇㅇㅇㅇㅇㅇ','2023-04-24 11:13:57','2023-04-24 11:13:57','skm06282',1),(663,'444','444','2023-04-24 11:16:25','2023-04-24 11:16:25','skm06282',1),(664,'555','555','2023-04-24 11:18:59','2023-04-24 11:18:59','skm06282',1),(665,'33','33','2023-04-24 12:38:20','2023-04-24 12:38:20','skm06282',1),(666,'33','333','2023-04-24 12:38:25','2023-04-24 12:38:25','skm06282',1),(667,'444','444','2023-04-24 12:38:28','2023-04-24 12:38:28','skm06282',1),(668,'55','555','2023-04-24 12:38:30','2023-04-24 12:38:30','skm06282',1),(669,'66','666','2023-04-24 12:38:33','2023-04-24 12:38:33','skm06282',1),(670,'77','777','2023-04-24 12:38:35','2023-04-24 12:38:35','skm06282',1),(672,'313','13','2023-04-24 12:38:46','2023-04-24 12:38:46','skm06282',1),(673,'414','14','2023-04-24 12:38:48','2023-04-24 12:38:48','skm06282',1),(674,'551','1515','2023-04-24 12:38:52','2023-04-24 12:38:52','skm06282',1),(675,'4421','21323','2023-04-24 12:38:55','2023-04-24 12:38:55','skm06282',1),(676,'4421','21323','2023-04-25 07:12:38','2023-04-25 07:12:38','skm06282',1),(677,'4421','21323','2023-04-25 07:12:47','2023-04-25 07:12:47','skm06282',1),(678,'1313','1313','2023-04-24 11:13:42','2023-04-24 11:13:42','skm06282',1),(679,'으아아아','아아아','2023-04-24 11:13:48','2023-04-24 11:13:48','skm06282',1),(680,'ㅇㅇㅇㅇㅇㅇ','ㅇㅇㅇㅇㅇㅇㅇㅇㅇㅇ','2023-04-24 11:13:57','2023-04-24 11:13:57','skm06282',1),(681,'444','444','2023-04-24 11:16:25','2023-04-24 11:16:25','skm06282',1),(682,'555','555','2023-04-24 11:18:59','2023-04-24 11:18:59','skm06282',1),(683,'33','33','2023-04-24 12:38:20','2023-04-24 12:38:20','skm06282',1),(684,'33','333','2023-04-24 12:38:25','2023-04-24 12:38:25','skm06282',1),(685,'444','444','2023-04-24 12:38:28','2023-04-24 12:38:28','skm06282',1),(686,'55','555','2023-04-24 12:38:30','2023-04-24 12:38:30','skm06282',1),(687,'66','666','2023-04-24 12:38:33','2023-04-24 12:38:33','skm06282',1),(688,'77','777','2023-04-24 12:38:35','2023-04-24 12:38:35','skm06282',1),(689,'공지입니다','공지에요','2023-04-24 12:38:43','2023-04-24 12:38:43','skm06282',2),(690,'313','13','2023-04-24 12:38:46','2023-04-24 12:38:46','skm06282',1),(691,'414','14','2023-04-24 12:38:48','2023-04-24 12:38:48','skm06282',1),(692,'551','1515','2023-04-24 12:38:52','2023-04-24 12:38:52','skm06282',1),(693,'4421','21323','2023-04-24 12:38:55','2023-04-24 12:38:55','skm06282',1),(694,'4421','21323','2023-04-25 07:12:38','2023-04-25 07:12:38','skm06282',1),(695,'4421','21323','2023-04-25 07:12:47','2023-04-25 07:12:47','skm06282',1),(696,'1313','1313','2023-04-24 11:13:42','2023-04-24 11:13:42','skm06282',1),(697,'으아아아','아아아','2023-04-24 11:13:48','2023-04-24 11:13:48','skm06282',1),(698,'ㅇㅇㅇㅇㅇㅇ','ㅇㅇㅇㅇㅇㅇㅇㅇㅇㅇ','2023-04-24 11:13:57','2023-04-24 11:13:57','skm06282',1),(699,'444','444','2023-04-24 11:16:25','2023-04-24 11:16:25','skm06282',1),(700,'555','555','2023-04-24 11:18:59','2023-04-24 11:18:59','skm06282',1),(701,'33','33','2023-04-24 12:38:20','2023-04-24 12:38:20','skm06282',1),(702,'33','333','2023-04-24 12:38:25','2023-04-24 12:38:25','skm06282',1),(703,'444','444','2023-04-24 12:38:28','2023-04-24 12:38:28','skm06282',1),(704,'55','555','2023-04-24 12:38:30','2023-04-24 12:38:30','skm06282',1),(705,'66','666','2023-04-24 12:38:33','2023-04-24 12:38:33','skm06282',1),(706,'77','777','2023-04-24 12:38:35','2023-04-24 12:38:35','skm06282',1),(708,'313','13','2023-04-24 12:38:46','2023-04-24 12:38:46','skm06282',1),(709,'414','14','2023-04-24 12:38:48','2023-04-24 12:38:48','skm06282',1),(710,'551','1515','2023-04-24 12:38:52','2023-04-24 12:38:52','skm06282',1),(711,'4421','21323','2023-04-24 12:38:55','2023-04-24 12:38:55','skm06282',1),(712,'4421','21323','2023-04-25 07:12:38','2023-04-25 07:12:38','skm06282',1),(713,'4421','21323','2023-04-25 07:12:47','2023-04-25 07:12:47','skm06282',1),(714,'1313','1313','2023-04-24 11:13:42','2023-04-24 11:13:42','skm06282',1),(715,'으아아아','아아아','2023-04-24 11:13:48','2023-04-24 11:13:48','skm06282',1),(716,'ㅇㅇㅇㅇㅇㅇ','ㅇㅇㅇㅇㅇㅇㅇㅇㅇㅇ','2023-04-24 11:13:57','2023-04-24 11:13:57','skm06282',1),(717,'444','444','2023-04-24 11:16:25','2023-04-24 11:16:25','skm06282',1),(718,'555','555','2023-04-24 11:18:59','2023-04-24 11:18:59','skm06282',1),(719,'33','33','2023-04-24 12:38:20','2023-04-24 12:38:20','skm06282',1),(720,'33','333','2023-04-24 12:38:25','2023-04-24 12:38:25','skm06282',1),(721,'444','444','2023-04-24 12:38:28','2023-04-24 12:38:28','skm06282',1),(722,'55','555','2023-04-24 12:38:30','2023-04-24 12:38:30','skm06282',1),(723,'66','666','2023-04-24 12:38:33','2023-04-24 12:38:33','skm06282',1),(724,'77','777','2023-04-24 12:38:35','2023-04-24 12:38:35','skm06282',1),(726,'313','13','2023-04-24 12:38:46','2023-04-24 12:38:46','skm06282',1),(727,'414','14','2023-04-24 12:38:48','2023-04-24 12:38:48','skm06282',1),(728,'551','1515','2023-04-24 12:38:52','2023-04-24 12:38:52','skm06282',1),(729,'4421','21323','2023-04-24 12:38:55','2023-04-24 12:38:55','skm06282',1),(730,'4421','21323','2023-04-25 07:12:38','2023-04-25 07:12:38','skm06282',1),(731,'4421','21323','2023-04-25 07:12:47','2023-04-25 07:12:47','skm06282',1),(732,'1313','1313','2023-04-24 11:13:42','2023-04-24 11:13:42','skm06282',1),(733,'으아아아','아아아','2023-04-24 11:13:48','2023-04-24 11:13:48','skm06282',1),(734,'ㅇㅇㅇㅇㅇㅇ','ㅇㅇㅇㅇㅇㅇㅇㅇㅇㅇ','2023-04-24 11:13:57','2023-04-24 11:13:57','skm06282',1),(735,'444','444','2023-04-24 11:16:25','2023-04-24 11:16:25','skm06282',1),(736,'555','555','2023-04-24 11:18:59','2023-04-24 11:18:59','skm06282',1),(737,'33','33','2023-04-24 12:38:20','2023-04-24 12:38:20','skm06282',1),(738,'33','333','2023-04-24 12:38:25','2023-04-24 12:38:25','skm06282',1),(739,'444','444','2023-04-24 12:38:28','2023-04-24 12:38:28','skm06282',1),(740,'55','555','2023-04-24 12:38:30','2023-04-24 12:38:30','skm06282',1),(741,'66','666','2023-04-24 12:38:33','2023-04-24 12:38:33','skm06282',1),(742,'77','777','2023-04-24 12:38:35','2023-04-24 12:38:35','skm06282',1),(744,'313','13','2023-04-24 12:38:46','2023-04-24 12:38:46','skm06282',1),(745,'414','14','2023-04-24 12:38:48','2023-04-24 12:38:48','skm06282',1),(746,'551','1515','2023-04-24 12:38:52','2023-04-24 12:38:52','skm06282',1),(747,'4421','21323','2023-04-24 12:38:55','2023-04-24 12:38:55','skm06282',1),(748,'4421','21323','2023-04-25 07:12:38','2023-04-25 07:12:38','skm06282',1),(749,'4421','21323','2023-04-25 07:12:47','2023-04-25 07:12:47','skm06282',1),(750,'1313','1313','2023-04-24 11:13:42','2023-04-24 11:13:42','skm06282',1),(751,'으아아아','아아아','2023-04-24 11:13:48','2023-04-24 11:13:48','skm06282',1),(752,'ㅇㅇㅇㅇㅇㅇ','ㅇㅇㅇㅇㅇㅇㅇㅇㅇㅇ','2023-04-24 11:13:57','2023-04-24 11:13:57','skm06282',1),(753,'444','444','2023-04-24 11:16:25','2023-04-24 11:16:25','skm06282',1),(754,'555','555','2023-04-24 11:18:59','2023-04-24 11:18:59','skm06282',1),(755,'33','33','2023-04-24 12:38:20','2023-04-24 12:38:20','skm06282',1),(756,'33','333','2023-04-24 12:38:25','2023-04-24 12:38:25','skm06282',1),(757,'444','444','2023-04-24 12:38:28','2023-04-24 12:38:28','skm06282',1),(758,'55','555','2023-04-24 12:38:30','2023-04-24 12:38:30','skm06282',1),(759,'66','666','2023-04-24 12:38:33','2023-04-24 12:38:33','skm06282',1),(760,'77','777','2023-04-24 12:38:35','2023-04-24 12:38:35','skm06282',1),(762,'313','13','2023-04-24 12:38:46','2023-04-24 12:38:46','skm06282',1),(763,'414','14','2023-04-24 12:38:48','2023-04-24 12:38:48','skm06282',1),(764,'551','1515','2023-04-24 12:38:52','2023-04-24 12:38:52','skm06282',1),(765,'4421','21323','2023-04-24 12:38:55','2023-04-24 12:38:55','skm06282',1),(766,'4421','21323','2023-04-25 07:12:38','2023-04-25 07:12:38','skm06282',1),(767,'4421','21323','2023-04-25 07:12:47','2023-04-25 07:12:47','skm06282',1),(768,'1313','1313','2023-04-24 11:13:42','2023-04-24 11:13:42','skm06282',1),(769,'으아아아','아아아','2023-04-24 11:13:48','2023-04-24 11:13:48','skm06282',1),(770,'ㅇㅇㅇㅇㅇㅇ','ㅇㅇㅇㅇㅇㅇㅇㅇㅇㅇ','2023-04-24 11:13:57','2023-04-24 11:13:57','skm06282',1),(771,'444','444','2023-04-24 11:16:25','2023-04-24 11:16:25','skm06282',1),(772,'555','555','2023-04-24 11:18:59','2023-04-24 11:18:59','skm06282',1),(773,'33','33','2023-04-24 12:38:20','2023-04-24 12:38:20','skm06282',1),(774,'33','333','2023-04-24 12:38:25','2023-04-24 12:38:25','skm06282',1),(775,'444','444','2023-04-24 12:38:28','2023-04-24 12:38:28','skm06282',1),(776,'55','555','2023-04-24 12:38:30','2023-04-24 12:38:30','skm06282',1),(777,'66','666','2023-04-24 12:38:33','2023-04-24 12:38:33','skm06282',1),(778,'77','777','2023-04-24 12:38:35','2023-04-24 12:38:35','skm06282',1),(779,'공지입니다','공지에요','2023-04-24 12:38:43','2023-04-24 12:38:43','skm06282',2),(780,'313','13','2023-04-24 12:38:46','2023-04-24 12:38:46','skm06282',1),(781,'414','14','2023-04-24 12:38:48','2023-04-24 12:38:48','skm06282',1),(782,'551','1515','2023-04-24 12:38:52','2023-04-24 12:38:52','skm06282',1),(783,'4421','21323','2023-04-24 12:38:55','2023-04-24 12:38:55','skm06282',1),(784,'4421','21323','2023-04-25 07:12:38','2023-04-25 07:12:38','skm06282',1),(785,'4421','21323','2023-04-25 07:12:47','2023-04-25 07:12:47','skm06282',1),(786,'1313','1313','2023-04-24 11:13:42','2023-04-24 11:13:42','skm06282',1),(787,'으아아아','아아아','2023-04-24 11:13:48','2023-04-24 11:13:48','skm06282',1),(788,'ㅇㅇㅇㅇㅇㅇ','ㅇㅇㅇㅇㅇㅇㅇㅇㅇㅇ','2023-04-24 11:13:57','2023-04-24 11:13:57','skm06282',1),(789,'444','444','2023-04-24 11:16:25','2023-04-24 11:16:25','skm06282',1),(790,'555','555','2023-04-24 11:18:59','2023-04-24 11:18:59','skm06282',1),(791,'33','33','2023-04-24 12:38:20','2023-04-24 12:38:20','skm06282',1),(792,'33','333','2023-04-24 12:38:25','2023-04-24 12:38:25','skm06282',1),(793,'444','444','2023-04-24 12:38:28','2023-04-24 12:38:28','skm06282',1),(794,'55','555','2023-04-24 12:38:30','2023-04-24 12:38:30','skm06282',1),(795,'66','666','2023-04-24 12:38:33','2023-04-24 12:38:33','skm06282',1),(796,'77','777','2023-04-24 12:38:35','2023-04-24 12:38:35','skm06282',1),(798,'313','13','2023-04-24 12:38:46','2023-04-24 12:38:46','skm06282',1),(799,'414','14','2023-04-24 12:38:48','2023-04-24 12:38:48','skm06282',1),(800,'551','1515','2023-04-24 12:38:52','2023-04-24 12:38:52','skm06282',1),(801,'4421','21323','2023-04-24 12:38:55','2023-04-24 12:38:55','skm06282',1),(802,'4421','21323','2023-04-25 07:12:38','2023-04-25 07:12:38','skm06282',1),(803,'4421','21323','2023-04-25 07:12:47','2023-04-25 07:12:47','skm06282',1),(804,'1313','1313','2023-04-24 11:13:42','2023-04-24 11:13:42','skm06282',1),(805,'으아아아','아아아','2023-04-24 11:13:48','2023-04-24 11:13:48','skm06282',1),(806,'ㅇㅇㅇㅇㅇㅇ','ㅇㅇㅇㅇㅇㅇㅇㅇㅇㅇ','2023-04-24 11:13:57','2023-04-24 11:13:57','skm06282',1),(807,'444','444','2023-04-24 11:16:25','2023-04-24 11:16:25','skm06282',1),(808,'555','555','2023-04-24 11:18:59','2023-04-24 11:18:59','skm06282',1),(809,'33','33','2023-04-24 12:38:20','2023-04-24 12:38:20','skm06282',1),(810,'33','333','2023-04-24 12:38:25','2023-04-24 12:38:25','skm06282',1),(811,'444','444','2023-04-24 12:38:28','2023-04-24 12:38:28','skm06282',1),(812,'55','555','2023-04-24 12:38:30','2023-04-24 12:38:30','skm06282',1),(813,'66','666','2023-04-24 12:38:33','2023-04-24 12:38:33','skm06282',1),(814,'77','777','2023-04-24 12:38:35','2023-04-24 12:38:35','skm06282',1),(816,'313','13','2023-04-24 12:38:46','2023-04-24 12:38:46','skm06282',1),(817,'414','14','2023-04-24 12:38:48','2023-04-24 12:38:48','skm06282',1),(818,'551','1515','2023-04-24 12:38:52','2023-04-24 12:38:52','skm06282',1),(819,'4421','21323','2023-04-24 12:38:55','2023-04-24 12:38:55','skm06282',1),(820,'4421','21323','2023-04-25 07:12:38','2023-04-25 07:12:38','skm06282',1),(821,'4421','21323','2023-04-25 07:12:47','2023-04-25 07:12:47','skm06282',1),(822,'1313','1313','2023-04-24 11:13:42','2023-04-24 11:13:42','skm06282',1),(823,'으아아아','아아아','2023-04-24 11:13:48','2023-04-24 11:13:48','skm06282',1),(824,'ㅇㅇㅇㅇㅇㅇ','ㅇㅇㅇㅇㅇㅇㅇㅇㅇㅇ','2023-04-24 11:13:57','2023-04-24 11:13:57','skm06282',1),(825,'444','444','2023-04-24 11:16:25','2023-04-24 11:16:25','skm06282',1),(826,'555','555','2023-04-24 11:18:59','2023-04-24 11:18:59','skm06282',1),(827,'33','33','2023-04-24 12:38:20','2023-04-24 12:38:20','skm06282',1),(828,'33','333','2023-04-24 12:38:25','2023-04-24 12:38:25','skm06282',1),(829,'444','444','2023-04-24 12:38:28','2023-04-24 12:38:28','skm06282',1),(830,'55','555','2023-04-24 12:38:30','2023-04-24 12:38:30','skm06282',1),(831,'66','666','2023-04-24 12:38:33','2023-04-24 12:38:33','skm06282',1),(832,'77','777','2023-04-24 12:38:35','2023-04-24 12:38:35','skm06282',1),(834,'313','13','2023-04-24 12:38:46','2023-04-24 12:38:46','skm06282',1),(835,'414','14','2023-04-24 12:38:48','2023-04-24 12:38:48','skm06282',1),(836,'551','1515','2023-04-24 12:38:52','2023-04-24 12:38:52','skm06282',1),(837,'4421','21323','2023-04-24 12:38:55','2023-04-24 12:38:55','skm06282',1),(838,'4421','21323','2023-04-25 07:12:38','2023-04-25 07:12:38','skm06282',1),(839,'4421','21323','2023-04-25 07:12:47','2023-04-25 07:12:47','skm06282',1),(840,'1313','1313','2023-04-24 11:13:42','2023-04-24 11:13:42','skm06282',1),(841,'으아아아','아아아','2023-04-24 11:13:48','2023-04-24 11:13:48','skm06282',1),(842,'ㅇㅇㅇㅇㅇㅇ','ㅇㅇㅇㅇㅇㅇㅇㅇㅇㅇ','2023-04-24 11:13:57','2023-04-24 11:13:57','skm06282',1),(843,'444','444','2023-04-24 11:16:25','2023-04-24 11:16:25','skm06282',1),(844,'555','555','2023-04-24 11:18:59','2023-04-24 11:18:59','skm06282',1),(845,'33','33','2023-04-24 12:38:20','2023-04-24 12:38:20','skm06282',1),(846,'33','333','2023-04-24 12:38:25','2023-04-24 12:38:25','skm06282',1),(847,'444','444','2023-04-24 12:38:28','2023-04-24 12:38:28','skm06282',1),(848,'55','555','2023-04-24 12:38:30','2023-04-24 12:38:30','skm06282',1),(849,'66','666','2023-04-24 12:38:33','2023-04-24 12:38:33','skm06282',1),(850,'77','777','2023-04-24 12:38:35','2023-04-24 12:38:35','skm06282',1),(852,'313','13','2023-04-24 12:38:46','2023-04-24 12:38:46','skm06282',1),(853,'414','14','2023-04-24 12:38:48','2023-04-24 12:38:48','skm06282',1),(854,'551','1515','2023-04-24 12:38:52','2023-04-24 12:38:52','skm06282',1),(855,'4421','21323','2023-04-24 12:38:55','2023-04-24 12:38:55','skm06282',1),(856,'4421','21323','2023-04-25 07:12:38','2023-04-25 07:12:38','skm06282',1),(857,'4421','21323','2023-04-25 07:12:47','2023-04-25 07:12:47','skm06282',1),(858,'1313','1313','2023-04-24 11:13:42','2023-04-24 11:13:42','skm06282',1),(859,'으아아아','아아아','2023-04-24 11:13:48','2023-04-24 11:13:48','skm06282',1),(860,'ㅇㅇㅇㅇㅇㅇ','ㅇㅇㅇㅇㅇㅇㅇㅇㅇㅇ','2023-04-24 11:13:57','2023-04-24 11:13:57','skm06282',1),(861,'444','444','2023-04-24 11:16:25','2023-04-24 11:16:25','skm06282',1),(862,'555','555','2023-04-24 11:18:59','2023-04-24 11:18:59','skm06282',1),(863,'33','33','2023-04-24 12:38:20','2023-04-24 12:38:20','skm06282',1),(864,'33','333','2023-04-24 12:38:25','2023-04-24 12:38:25','skm06282',1),(865,'444','444','2023-04-24 12:38:28','2023-04-24 12:38:28','skm06282',1),(866,'55','555','2023-04-24 12:38:30','2023-04-24 12:38:30','skm06282',1),(867,'66','666','2023-04-24 12:38:33','2023-04-24 12:38:33','skm06282',1),(868,'77','777','2023-04-24 12:38:35','2023-04-24 12:38:35','skm06282',1),(870,'313','13','2023-04-24 12:38:46','2023-04-24 12:38:46','skm06282',1),(871,'414','14','2023-04-24 12:38:48','2023-04-24 12:38:48','skm06282',1),(872,'551','1515','2023-04-24 12:38:52','2023-04-24 12:38:52','skm06282',1),(873,'4421','21323','2023-04-24 12:38:55','2023-04-24 12:38:55','skm06282',1),(874,'4421','21323','2023-04-25 07:12:38','2023-04-25 07:12:38','skm06282',1),(875,'4421','21323','2023-04-25 07:12:47','2023-04-25 07:12:47','skm06282',1),(876,'1313','1313','2023-04-24 11:13:42','2023-04-24 11:13:42','skm06282',1),(877,'으아아아','아아아','2023-04-24 11:13:48','2023-04-24 11:13:48','skm06282',1),(878,'ㅇㅇㅇㅇㅇㅇ','ㅇㅇㅇㅇㅇㅇㅇㅇㅇㅇ','2023-04-24 11:13:57','2023-04-24 11:13:57','skm06282',1),(879,'444','444','2023-04-24 11:16:25','2023-04-24 11:16:25','skm06282',1),(880,'555','555','2023-04-24 11:18:59','2023-04-24 11:18:59','skm06282',1),(881,'33','33','2023-04-24 12:38:20','2023-04-24 12:38:20','skm06282',1),(882,'33','333','2023-04-24 12:38:25','2023-04-24 12:38:25','skm06282',1),(883,'444','444','2023-04-24 12:38:28','2023-04-24 12:38:28','skm06282',1),(884,'55','555','2023-04-24 12:38:30','2023-04-24 12:38:30','skm06282',1),(885,'66','666','2023-04-24 12:38:33','2023-04-24 12:38:33','skm06282',1),(886,'77','777','2023-04-24 12:38:35','2023-04-24 12:38:35','skm06282',1),(888,'313','13','2023-04-24 12:38:46','2023-04-24 12:38:46','skm06282',1),(889,'414','14','2023-04-24 12:38:48','2023-04-24 12:38:48','skm06282',1),(890,'551','1515','2023-04-24 12:38:52','2023-04-24 12:38:52','skm06282',1),(891,'4421','21323','2023-04-24 12:38:55','2023-04-24 12:38:55','skm06282',1),(892,'4421','21323','2023-04-25 07:12:38','2023-04-25 07:12:38','skm06282',1),(893,'4421','21323','2023-04-25 07:12:47','2023-04-25 07:12:47','skm06282',1),(894,'1313','1313','2023-04-24 11:13:42','2023-04-24 11:13:42','skm06282',1),(895,'으아아아','아아아','2023-04-24 11:13:48','2023-04-24 11:13:48','skm06282',1),(896,'ㅇㅇㅇㅇㅇㅇ','ㅇㅇㅇㅇㅇㅇㅇㅇㅇㅇ','2023-04-24 11:13:57','2023-04-24 11:13:57','skm06282',1),(897,'444','444','2023-04-24 11:16:25','2023-04-24 11:16:25','skm06282',1),(898,'555','555','2023-04-24 11:18:59','2023-04-24 11:18:59','skm06282',1),(899,'33','33','2023-04-24 12:38:20','2023-04-24 12:38:20','skm06282',1),(900,'33','333','2023-04-24 12:38:25','2023-04-24 12:38:25','skm06282',1),(901,'444','444','2023-04-24 12:38:28','2023-04-24 12:38:28','skm06282',1),(902,'55','555','2023-04-24 12:38:30','2023-04-24 12:38:30','skm06282',1),(903,'66','666','2023-04-24 12:38:33','2023-04-24 12:38:33','skm06282',1),(904,'77','777','2023-04-24 12:38:35','2023-04-24 12:38:35','skm06282',1),(906,'313','13','2023-04-24 12:38:46','2023-04-24 12:38:46','skm06282',1),(907,'414','14','2023-04-24 12:38:48','2023-04-24 12:38:48','skm06282',1),(908,'551','1515','2023-04-24 12:38:52','2023-04-24 12:38:52','skm06282',1),(909,'4421','21323','2023-04-24 12:38:55','2023-04-24 12:38:55','skm06282',1),(910,'4421','21323','2023-04-25 07:12:38','2023-04-25 07:12:38','skm06282',1),(911,'4421','21323','2023-04-25 07:12:47','2023-04-25 07:12:47','skm06282',1),(912,'1313','1313','2023-04-24 11:13:42','2023-04-24 11:13:42','skm06282',1),(913,'으아아아','아아아','2023-04-24 11:13:48','2023-04-24 11:13:48','skm06282',1),(914,'ㅇㅇㅇㅇㅇㅇ','ㅇㅇㅇㅇㅇㅇㅇㅇㅇㅇ','2023-04-24 11:13:57','2023-04-24 11:13:57','skm06282',1),(915,'444','444','2023-04-24 11:16:25','2023-04-24 11:16:25','skm06282',1),(916,'555','555','2023-04-24 11:18:59','2023-04-24 11:18:59','skm06282',1),(917,'33','33','2023-04-24 12:38:20','2023-04-24 12:38:20','skm06282',1),(918,'33','333','2023-04-24 12:38:25','2023-04-24 12:38:25','skm06282',1),(919,'444','444','2023-04-24 12:38:28','2023-04-24 12:38:28','skm06282',1),(920,'55','555','2023-04-24 12:38:30','2023-04-24 12:38:30','skm06282',1),(921,'66','666','2023-04-24 12:38:33','2023-04-24 12:38:33','skm06282',1),(922,'77','777','2023-04-24 12:38:35','2023-04-24 12:38:35','skm06282',1),(924,'313','13','2023-04-24 12:38:46','2023-04-24 12:38:46','skm06282',1),(925,'414','14','2023-04-24 12:38:48','2023-04-24 12:38:48','skm06282',1),(926,'551','1515','2023-04-24 12:38:52','2023-04-24 12:38:52','skm06282',1),(927,'4421','21323','2023-04-24 12:38:55','2023-04-24 12:38:55','skm06282',1),(928,'4421','21323','2023-04-25 07:12:38','2023-04-25 07:12:38','skm06282',1),(929,'4421','21323','2023-04-25 07:12:47','2023-04-25 07:12:47','skm06282',1),(930,'1313','1313','2023-04-24 11:13:42','2023-04-24 11:13:42','skm06282',1),(931,'으아아아','아아아','2023-04-24 11:13:48','2023-04-24 11:13:48','skm06282',1),(932,'ㅇㅇㅇㅇㅇㅇ','ㅇㅇㅇㅇㅇㅇㅇㅇㅇㅇ','2023-04-24 11:13:57','2023-04-24 11:13:57','skm06282',1),(933,'444','444','2023-04-24 11:16:25','2023-04-24 11:16:25','skm06282',1),(934,'555','555','2023-04-24 11:18:59','2023-04-24 11:18:59','skm06282',1),(935,'33','33','2023-04-24 12:38:20','2023-04-24 12:38:20','skm06282',1),(936,'33','333','2023-04-24 12:38:25','2023-04-24 12:38:25','skm06282',1),(937,'444','444','2023-04-24 12:38:28','2023-04-24 12:38:28','skm06282',1),(938,'55','555','2023-04-24 12:38:30','2023-04-24 12:38:30','skm06282',1),(939,'66','666','2023-04-24 12:38:33','2023-04-24 12:38:33','skm06282',1),(940,'77','777','2023-04-24 12:38:35','2023-04-24 12:38:35','skm06282',1),(942,'313','13','2023-04-24 12:38:46','2023-04-24 12:38:46','skm06282',1),(943,'414','14','2023-04-24 12:38:48','2023-04-24 12:38:48','skm06282',1),(944,'551','1515','2023-04-24 12:38:52','2023-04-24 12:38:52','skm06282',1),(945,'4421','21323','2023-04-24 12:38:55','2023-04-24 12:38:55','skm06282',1),(946,'4421','21323','2023-04-25 07:12:38','2023-04-25 07:12:38','skm06282',1),(947,'4421','21323','2023-04-25 07:12:47','2023-04-25 07:12:47','skm06282',1),(948,'1313','1313','2023-04-24 11:13:42','2023-04-24 11:13:42','skm06282',1),(949,'으아아아','아아아','2023-04-24 11:13:48','2023-04-24 11:13:48','skm06282',1),(950,'ㅇㅇㅇㅇㅇㅇ','ㅇㅇㅇㅇㅇㅇㅇㅇㅇㅇ','2023-04-24 11:13:57','2023-04-24 11:13:57','skm06282',1),(951,'444','444','2023-04-24 11:16:25','2023-04-24 11:16:25','skm06282',1),(952,'555','555','2023-04-24 11:18:59','2023-04-24 11:18:59','skm06282',1),(953,'33','33','2023-04-24 12:38:20','2023-04-24 12:38:20','skm06282',1),(954,'33','333','2023-04-24 12:38:25','2023-04-24 12:38:25','skm06282',1),(955,'444','444','2023-04-24 12:38:28','2023-04-24 12:38:28','skm06282',1),(956,'55','555','2023-04-24 12:38:30','2023-04-24 12:38:30','skm06282',1),(957,'66','666','2023-04-24 12:38:33','2023-04-24 12:38:33','skm06282',1),(958,'77','777','2023-04-24 12:38:35','2023-04-24 12:38:35','skm06282',1),(960,'313','13','2023-04-24 12:38:46','2023-04-24 12:38:46','skm06282',1),(961,'414','14','2023-04-24 12:38:48','2023-04-24 12:38:48','skm06282',1),(962,'551','1515','2023-04-24 12:38:52','2023-04-24 12:38:52','skm06282',1),(963,'4421','21323','2023-04-24 12:38:55','2023-04-24 12:38:55','skm06282',1),(964,'4421','21323','2023-04-25 07:12:38','2023-04-25 07:12:38','skm06282',1),(965,'4421','21323','2023-04-25 07:12:47','2023-04-25 07:12:47','skm06282',1),(966,'1313','1313','2023-04-24 11:13:42','2023-04-24 11:13:42','skm06282',1),(967,'으아아아','아아아','2023-04-24 11:13:48','2023-04-24 11:13:48','skm06282',1),(968,'ㅇㅇㅇㅇㅇㅇ','ㅇㅇㅇㅇㅇㅇㅇㅇㅇㅇ','2023-04-24 11:13:57','2023-04-24 11:13:57','skm06282',1),(969,'444','444','2023-04-24 11:16:25','2023-04-24 11:16:25','skm06282',1),(970,'555','555','2023-04-24 11:18:59','2023-04-24 11:18:59','skm06282',1),(971,'33','33','2023-04-24 12:38:20','2023-04-24 12:38:20','skm06282',1),(972,'33','333','2023-04-24 12:38:25','2023-04-24 12:38:25','skm06282',1),(973,'444','444','2023-04-24 12:38:28','2023-04-24 12:38:28','skm06282',1),(974,'55','555','2023-04-24 12:38:30','2023-04-24 12:38:30','skm06282',1),(975,'66','666','2023-04-24 12:38:33','2023-04-24 12:38:33','skm06282',1),(976,'77','777','2023-04-24 12:38:35','2023-04-24 12:38:35','skm06282',1),(978,'313','13','2023-04-24 12:38:46','2023-04-24 12:38:46','skm06282',1),(979,'414','14','2023-04-24 12:38:48','2023-04-24 12:38:48','skm06282',1),(980,'551','1515','2023-04-24 12:38:52','2023-04-24 12:38:52','skm06282',1),(981,'4421','21323','2023-04-24 12:38:55','2023-04-24 12:38:55','skm06282',1),(982,'4421','21323','2023-04-25 07:12:38','2023-04-25 07:12:38','skm06282',1),(983,'4421','21323','2023-04-25 07:12:47','2023-04-25 07:12:47','skm06282',1),(984,'1313','1313','2023-04-24 11:13:42','2023-04-24 11:13:42','skm06282',1),(985,'으아아아','아아아','2023-04-24 11:13:48','2023-04-24 11:13:48','skm06282',1),(986,'ㅇㅇㅇㅇㅇㅇ','ㅇㅇㅇㅇㅇㅇㅇㅇㅇㅇ','2023-04-24 11:13:57','2023-04-24 11:13:57','skm06282',1),(987,'444','444','2023-04-24 11:16:25','2023-04-24 11:16:25','skm06282',1),(988,'555','555','2023-04-24 11:18:59','2023-04-24 11:18:59','skm06282',1),(989,'33','33','2023-04-24 12:38:20','2023-04-24 12:38:20','skm06282',1),(990,'33','333','2023-04-24 12:38:25','2023-04-24 12:38:25','skm06282',1),(991,'444','444','2023-04-24 12:38:28','2023-04-24 12:38:28','skm06282',1),(992,'55','555','2023-04-24 12:38:30','2023-04-24 12:38:30','skm06282',1),(993,'66','666','2023-04-24 12:38:33','2023-04-24 12:38:33','skm06282',1),(994,'77','777','2023-04-24 12:38:35','2023-04-24 12:38:35','skm06282',1),(996,'313','13','2023-04-24 12:38:46','2023-04-24 12:38:46','skm06282',1),(997,'414','14','2023-04-24 12:38:48','2023-04-24 12:38:48','skm06282',1),(998,'551','1515','2023-04-24 12:38:52','2023-04-24 12:38:52','skm06282',1),(999,'4421','21323','2023-04-24 12:38:55','2023-04-24 12:38:55','skm06282',1),(1000,'4421','21323','2023-04-25 07:12:38','2023-04-25 07:12:38','skm06282',1),(1001,'4421','21323','2023-04-25 07:12:47','2023-04-25 07:12:47','skm06282',1),(1002,'1313','1313','2023-04-24 11:13:42','2023-04-24 11:13:42','skm06282',1),(1003,'으아아아','아아아','2023-04-24 11:13:48','2023-04-24 11:13:48','skm06282',1),(1004,'ㅇㅇㅇㅇㅇㅇ','ㅇㅇㅇㅇㅇㅇㅇㅇㅇㅇ','2023-04-24 11:13:57','2023-04-24 11:13:57','skm06282',1),(1005,'444','444','2023-04-24 11:16:25','2023-04-24 11:16:25','skm06282',1),(1006,'555','555','2023-04-24 11:18:59','2023-04-24 11:18:59','skm06282',1),(1007,'33','33','2023-04-24 12:38:20','2023-04-24 12:38:20','skm06282',1),(1008,'33','333','2023-04-24 12:38:25','2023-04-24 12:38:25','skm06282',1),(1009,'444','444','2023-04-24 12:38:28','2023-04-24 12:38:28','skm06282',1),(1010,'55','555','2023-04-24 12:38:30','2023-04-24 12:38:30','skm06282',1),(1011,'66','666','2023-04-24 12:38:33','2023-04-24 12:38:33','skm06282',1),(1012,'77','777','2023-04-24 12:38:35','2023-04-24 12:38:35','skm06282',1),(1014,'313','13','2023-04-24 12:38:46','2023-04-24 12:38:46','skm06282',1),(1015,'414','14','2023-04-24 12:38:48','2023-04-24 12:38:48','skm06282',1),(1016,'551','1515','2023-04-24 12:38:52','2023-04-24 12:38:52','skm06282',1),(1017,'4421','21323','2023-04-24 12:38:55','2023-04-24 12:38:55','skm06282',1),(1018,'4421','21323','2023-04-25 07:12:38','2023-04-25 07:12:38','skm06282',1),(1019,'4421','21323','2023-04-25 07:12:47','2023-04-25 07:12:47','skm06282',1),(1020,'1313','1313','2023-04-24 11:13:42','2023-04-24 11:13:42','skm06282',1),(1021,'으아아아','아아아','2023-04-24 11:13:48','2023-04-24 11:13:48','skm06282',1),(1022,'ㅇㅇㅇㅇㅇㅇ','ㅇㅇㅇㅇㅇㅇㅇㅇㅇㅇ','2023-04-24 11:13:57','2023-04-24 11:13:57','skm06282',1),(1023,'444','444','2023-04-24 11:16:25','2023-04-24 11:16:25','skm06282',1),(1024,'555','555','2023-04-24 11:18:59','2023-04-24 11:18:59','skm06282',1),(1025,'33','33','2023-04-24 12:38:20','2023-04-24 12:38:20','skm06282',1),(1026,'33','333','2023-04-24 12:38:25','2023-04-24 12:38:25','skm06282',1),(1027,'444','444','2023-04-24 12:38:28','2023-04-24 12:38:28','skm06282',1),(1028,'55','555','2023-04-24 12:38:30','2023-04-24 12:38:30','skm06282',1),(1029,'66','666','2023-04-24 12:38:33','2023-04-24 12:38:33','skm06282',1),(1030,'77','777','2023-04-24 12:38:35','2023-04-24 12:38:35','skm06282',1),(1032,'313','13','2023-04-24 12:38:46','2023-04-24 12:38:46','skm06282',1),(1033,'414','14','2023-04-24 12:38:48','2023-04-24 12:38:48','skm06282',1),(1034,'551','1515','2023-04-24 12:38:52','2023-04-24 12:38:52','skm06282',1),(1035,'4421','21323','2023-04-24 12:38:55','2023-04-24 12:38:55','skm06282',1),(1036,'4421','21323','2023-04-25 07:12:38','2023-04-25 07:12:38','skm06282',1),(1037,'4421','21323','2023-04-25 07:12:47','2023-04-25 07:12:47','skm06282',1),(1038,'1313','1313','2023-04-24 11:13:42','2023-04-24 11:13:42','skm06282',1),(1039,'으아아아','아아아','2023-04-24 11:13:48','2023-04-24 11:13:48','skm06282',1),(1040,'ㅇㅇㅇㅇㅇㅇ','ㅇㅇㅇㅇㅇㅇㅇㅇㅇㅇ','2023-04-24 11:13:57','2023-04-24 11:13:57','skm06282',1),(1041,'444','444','2023-04-24 11:16:25','2023-04-24 11:16:25','skm06282',1),(1042,'555','555','2023-04-24 11:18:59','2023-04-24 11:18:59','skm06282',1),(1043,'33','33','2023-04-24 12:38:20','2023-04-24 12:38:20','skm06282',1),(1044,'33','333','2023-04-24 12:38:25','2023-04-24 12:38:25','skm06282',1),(1045,'444','444','2023-04-24 12:38:28','2023-04-24 12:38:28','skm06282',1),(1046,'55','555','2023-04-24 12:38:30','2023-04-24 12:38:30','skm06282',1),(1047,'66','666','2023-04-24 12:38:33','2023-04-24 12:38:33','skm06282',1),(1048,'77','777','2023-04-24 12:38:35','2023-04-24 12:38:35','skm06282',1),(1050,'313','13','2023-04-24 12:38:46','2023-04-24 12:38:46','skm06282',1),(1051,'414','14','2023-04-24 12:38:48','2023-04-24 12:38:48','skm06282',1),(1052,'551','1515','2023-04-24 12:38:52','2023-04-24 12:38:52','skm06282',1),(1053,'4421','21323','2023-04-24 12:38:55','2023-04-24 12:38:55','skm06282',1),(1054,'4421','21323','2023-04-25 07:12:38','2023-04-25 07:12:38','skm06282',1),(1055,'4421','21323','2023-04-25 07:12:47','2023-04-25 07:12:47','skm06282',1);
/*!40000 ALTER TABLE `boards` ENABLE KEYS */;
UNLOCK TABLES;

--
-- Table structure for table `cars`
--

DROP TABLE IF EXISTS `cars`;
/*!40101 SET @saved_cs_client     = @@character_set_client */;
/*!50503 SET character_set_client = utf8mb4 */;
CREATE TABLE `cars` (
  `carNum` varchar(255) CHARACTER SET utf8mb4 COLLATE utf8mb4_0900_ai_ci NOT NULL,
  `from` varchar(255) NOT NULL,
  `brand` varchar(255) NOT NULL,
  `model` varchar(255) CHARACTER SET utf8mb4 COLLATE utf8mb4_0900_ai_ci NOT NULL,
  `mile` varchar(255) NOT NULL,
  `year` varchar(255) NOT NULL,
  `fuel` varchar(100) NOT NULL,
  `trans` varchar(100) NOT NULL,
  `seater` varchar(255) NOT NULL,
  `disp` varchar(255) NOT NULL,
  `type` varchar(100) NOT NULL,
  `method` varchar(100) NOT NULL,
  `color` varchar(100) NOT NULL,
  `tel` varchar(100) NOT NULL,
  `picture` varchar(255) CHARACTER SET utf8mb4 COLLATE utf8mb4_0900_ai_ci NOT NULL,
  `roof` varchar(255) CHARACTER SET utf8mb4 COLLATE utf8mb4_0900_ai_ci NOT NULL,
  `nav` varchar(255) CHARACTER SET utf8mb4 COLLATE utf8mb4_0900_ai_ci NOT NULL,
  `key` varchar(255) CHARACTER SET utf8mb4 COLLATE utf8mb4_0900_ai_ci NOT NULL,
  `light` varchar(255) CHARACTER SET utf8mb4 COLLATE utf8mb4_0900_ai_ci NOT NULL,
  `sensor` varchar(255) CHARACTER SET utf8mb4 COLLATE utf8mb4_0900_ai_ci NOT NULL,
  `camera` varchar(255) CHARACTER SET utf8mb4 COLLATE utf8mb4_0900_ai_ci NOT NULL,
  `box` varchar(255) CHARACTER SET utf8mb4 COLLATE utf8mb4_0900_ai_ci NOT NULL,
  `leather` varchar(255) CHARACTER SET utf8mb4 COLLATE utf8mb4_0900_ai_ci NOT NULL,
  `heated` varchar(255) CHARACTER SET utf8mb4 COLLATE utf8mb4_0900_ai_ci NOT NULL,
  `airbag` varchar(255) CHARACTER SET utf8mb4 COLLATE utf8mb4_0900_ai_ci NOT NULL,
  `etc` varchar(255) DEFAULT NULL,
  `hashtag` varchar(100) DEFAULT NULL,
  `num` bigint NOT NULL AUTO_INCREMENT,
  `user_id` varchar(100) NOT NULL,
  `likes_count` int DEFAULT '0',
  PRIMARY KEY (`num`),
  UNIQUE KEY `cars_UN` (`carNum`),
  KEY `cars_FK` (`user_id`),
  CONSTRAINT `cars_FK` FOREIGN KEY (`user_id`) REFERENCES `users` (`id`)
) ENGINE=InnoDB AUTO_INCREMENT=57 DEFAULT CHARSET=utf8mb4 COLLATE=utf8mb4_0900_ai_ci;
/*!40101 SET character_set_client = @saved_cs_client */;

--
-- Dumping data for table `cars`
--

LOCK TABLES `cars` WRITE;
/*!40000 ALTER TABLE `cars` DISABLE KEYS */;
INSERT INTO `cars` VALUES ('5695','국산','BMW','그랜저','5555','1950','1111111','1111111','1111111','1111111','1111111','1111111','1111111','1111111','/img/ì¤í¬ë¦°ì· 2023-02-07 09-15-581682490682585.png','1111111','1111111','1111111','1111111','1111111','1111111','1111111','1111111','1111111','1111111','1111111','1111111',26,'skm06282',0),('1234','국산','현대','그랜저','5555','1950','1111111','1111111','1111111','1111111','1111111','1111111','1111111','1111111','/img/logo1682491701350.png','1111111','1111111','1111111','1111111','1111111','1111111','1111111','1111111','1111111','1111111','1111111','1111111',27,'skm062822',0),('4444','국산','현대','그랜다이저','100','1999','1111111','1111111','1111111','1111111','1111111','1111111','1111111','1111111','/img/ì¤í¬ë¦°ì· 2023-02-07 10-03-211682493926434.png','1111111','1111111','1111111','1111111','1111111','1111111','1111111','1111111','1111111','1111111','1111111','1111111',28,'skm062822',0),('5555','수입','BMW','R8','1000','2021','1111111','1111111','1111111','1111111','1111111','1111111','1111111','1111111','/img/ì¤í¬ë¦°ì· 2023-02-07 09-35-181682494017211.png','1111111','1111111','1111111','1111111','1111111','1111111','1111111','1111111','1111111','1111111','1111111','1111111',29,'skm062822',0),('3333','국산','현대','프라이드','11','1951','1111111','1111111','1111111','1111111','1111111','1111111','1111111','1111111','','1111111','1111111','1111111','1111111','1111111','1111111','1111111','1111111','1111111','1111111','1111111','1111111',30,'skm062822',0),('12345','국산','현대','마마마','333','1950','1111111','1111111','1111111','1111111','1111111','1111111','1111111','1111111','','1111111','1111111','1111111','1111111','1111111','1111111','1111111','1111111','1111111','1111111','1111111','1111111',32,'skm062822',0),('777','수입','현대','마마마','31','1951','1111111','1111111','1111111','1111111','1111111','1111111','1111111','1111111','','1111111','1111111','1111111','1111111','1111111','1111111','1111111','1111111','1111111','1111111','1111111','1111111',33,'skm062822',0),('6666','국산','현대','911','5555','2002','1111111','1111111','1111111','1111111','1111111','1111111','1111111','1111111','','1111111','1111111','1111111','1111111','1111111','1111111','1111111','1111111','1111111','1111111','1111111','1111111',34,'skm062822',0),('1234333333','국산','현대','3311ㅇ','5555','1950','1111111','1111111','1111111','1111111','1111111','1111111','1111111','1111111','','1111111','1111111','1111111','1111111','1111111','1111111','1111111','1111111','1111111','1111111','1111111','1111111',35,'skm062822',0),('66664','국산','BMW','3311ㅇ','5555','1951','1111111','1111111','1111111','1111111','1111111','1111111','1111111','1111111','','1111111','1111111','1111111','1111111','1111111','1111111','1111111','1111111','1111111','1111111','1111111','1111111',37,'skm062822',0),('8989','국산','BMW','22','5555','1950','1111111','1111111','1111111','1111111','1111111','1111111','1111111','1111111','','1111111','1111111','1111111','1111111','1111111','1111111','1111111','1111111','1111111','1111111','1111111','1111111',38,'skm062822',0),('6784','국산','현대','그랜져','5555','1952','1111111','1111111','1111111','1111111','1111111','1111111','1111111','1111111','','1111111','1111111','1111111','1111111','1111111','1111111','1111111','1111111','1111111','1111111','1111111','1111111',39,'skm062822',0),('666645','국산','현대','나미','13','1952','1111111','1111111','1111111','1111111','1111111','1111111','1111111','1111111','','1111111','1111111','1111111','1111111','1111111','1111111','1111111','1111111','1111111','1111111','1111111','1111111',41,'skm062822',0),('123433335','국산','현대','그랜저','5555','1950','1111111','1111111','1111111','1111111','1111111','1111111','1111111','1111111','','1111111','1111111','1111111','1111111','1111111','1111111','1111111','1111111','1111111','1111111','1111111','1111111',42,'skm062822',0),('6666466','수입','현대','3311ㅇ','33','1950','1111111','1111111','1111111','1111111','1111111','1111111','1111111','1111111','','1111111','1111111','1111111','1111111','1111111','1111111','1111111','1111111','1111111','1111111','1111111','1111111',43,'skm062822',0),('123412','수입','현대','그랜저','5555','1950','1111111','1111111','1111111','1111111','1111111','1111111','1111111','1111111','','1111111','1111111','1111111','1111111','1111111','1111111','1111111','1111111','1111111','1111111','1111111','1111111',44,'skm062822',0),('123455555','국산','현대','17번째','5555','1951','1111111','1111111','1111111','1111111','1111111','1111111','1111111','1111111','','1111111','1111111','1111111','1111111','1111111','1111111','1111111','1111111','1111111','1111111','1111111','1111111',45,'skm062822',0),('5151','국산','현대','911','56','2022','휘발유','1111111','1111111','1111111','1111111','1111111','1111111','1111111','/img/9111682513165075.jpg','1111111','1111111','1111111','1111111','1111111','1111111','1111111','1111111','1111111','1111111','1111111','#해시태그',56,'skm06282',0);
/*!40000 ALTER TABLE `cars` ENABLE KEYS */;
UNLOCK TABLES;

--
-- Table structure for table `carsHashtags`
--

DROP TABLE IF EXISTS `carsHashtags`;
/*!40101 SET @saved_cs_client     = @@character_set_client */;
/*!50503 SET character_set_client = utf8mb4 */;
CREATE TABLE `carsHashtags` (
  `carsId` bigint NOT NULL,
  `hashtagId` bigint NOT NULL,
  `createdAt` datetime NOT NULL,
  `updatedAt` datetime NOT NULL,
  PRIMARY KEY (`carsId`,`hashtagId`),
  KEY `carsHashtags_FK_1` (`hashtagId`),
  CONSTRAINT `carsHashtags_FK` FOREIGN KEY (`carsId`) REFERENCES `cars` (`num`),
  CONSTRAINT `carsHashtags_FK_1` FOREIGN KEY (`hashtagId`) REFERENCES `hashtags` (`id`)
) ENGINE=InnoDB DEFAULT CHARSET=utf8mb4 COLLATE=utf8mb4_0900_ai_ci;
/*!40101 SET character_set_client = @saved_cs_client */;

--
-- Dumping data for table `carsHashtags`
--

LOCK TABLES `carsHashtags` WRITE;
/*!40000 ALTER TABLE `carsHashtags` DISABLE KEYS */;
/*!40000 ALTER TABLE `carsHashtags` ENABLE KEYS */;
UNLOCK TABLES;

--
-- Table structure for table `comments`
--

DROP TABLE IF EXISTS `comments`;
/*!40101 SET @saved_cs_client     = @@character_set_client */;
/*!50503 SET character_set_client = utf8mb4 */;
CREATE TABLE `comments` (
  `number` bigint NOT NULL AUTO_INCREMENT,
  `content` varchar(100) NOT NULL,
  `createdAt` datetime NOT NULL,
  `updatedAt` datetime NOT NULL,
  `user_id` varchar(100) NOT NULL,
  `post_id` bigint NOT NULL,
  PRIMARY KEY (`number`),
  KEY `comments_FK` (`user_id`),
  KEY `comments_FK_1` (`post_id`),
  CONSTRAINT `comments_FK` FOREIGN KEY (`user_id`) REFERENCES `users` (`id`),
  CONSTRAINT `comments_FK_1` FOREIGN KEY (`post_id`) REFERENCES `boards` (`postId`)
) ENGINE=InnoDB AUTO_INCREMENT=9 DEFAULT CHARSET=utf8mb4 COLLATE=utf8mb4_0900_ai_ci;
/*!40101 SET character_set_client = @saved_cs_client */;

--
-- Dumping data for table `comments`
--

LOCK TABLES `comments` WRITE;
/*!40000 ALTER TABLE `comments` DISABLE KEYS */;
INSERT INTO `comments` VALUES (1,'넵','2020-03-03 00:00:00','2020-03-03 00:00:00','skm06282',551),(2,'rr','2023-04-27 00:48:57','2023-04-27 00:48:57','skm06282',551),(3,'rrr','2023-04-27 00:49:37','2023-04-27 00:49:37','skm06282',551),(4,'rr','2023-04-27 00:50:35','2023-04-27 00:50:35','skm06282',551),(5,'rr','2023-04-27 00:50:36','2023-04-27 00:50:36','skm06282',551),(6,'반갑다능~','2023-04-27 00:50:41','2023-04-27 00:50:41','skm06282',551),(7,'4','2023-04-27 01:04:59','2023-04-27 01:04:59','skm06282',689),(8,'rrr','2023-04-27 01:07:24','2023-04-27 01:07:24','skm06282',779);
/*!40000 ALTER TABLE `comments` ENABLE KEYS */;
UNLOCK TABLES;

--
-- Table structure for table `faqs`
--

DROP TABLE IF EXISTS `faqs`;
/*!40101 SET @saved_cs_client     = @@character_set_client */;
/*!50503 SET character_set_client = utf8mb4 */;
CREATE TABLE `faqs` (
  `number` bigint NOT NULL AUTO_INCREMENT,
  `title` varchar(100) NOT NULL,
  `content` varchar(100) NOT NULL,
  `createdAt` datetime NOT NULL,
  `updatedAt` datetime NOT NULL,
  `grade` int NOT NULL DEFAULT '1',
  PRIMARY KEY (`number`)
) ENGINE=InnoDB AUTO_INCREMENT=5 DEFAULT CHARSET=utf8mb4 COLLATE=utf8mb4_0900_ai_ci;
/*!40101 SET character_set_client = @saved_cs_client */;

--
-- Dumping data for table `faqs`
--

LOCK TABLES `faqs` WRITE;
/*!40000 ALTER TABLE `faqs` DISABLE KEYS */;
INSERT INTO `faqs` VALUES (3,'손강민','잘생겻다','2020-01-01 00:00:00','2020-01-01 00:00:00',2);
/*!40000 ALTER TABLE `faqs` ENABLE KEYS */;
UNLOCK TABLES;

--
-- Table structure for table `hashtags`
--

DROP TABLE IF EXISTS `hashtags`;
/*!40101 SET @saved_cs_client     = @@character_set_client */;
/*!50503 SET character_set_client = utf8mb4 */;
CREATE TABLE `hashtags` (
  `id` bigint NOT NULL AUTO_INCREMENT,
  `cars_hashtag` varchar(100) CHARACTER SET utf8mb4 COLLATE utf8mb4_0900_ai_ci DEFAULT NULL,
  PRIMARY KEY (`id`)
) ENGINE=InnoDB AUTO_INCREMENT=7 DEFAULT CHARSET=utf8mb4 COLLATE=utf8mb4_0900_ai_ci;
/*!40101 SET character_set_client = @saved_cs_client */;

--
-- Dumping data for table `hashtags`
--

LOCK TABLES `hashtags` WRITE;
/*!40000 ALTER TABLE `hashtags` DISABLE KEYS */;
INSERT INTO `hashtags` VALUES (1,'33'),(2,'아아아'),(3,'333'),(4,'111'),(5,'222'),(6,'해시태그');
/*!40000 ALTER TABLE `hashtags` ENABLE KEYS */;
UNLOCK TABLES;

--
-- Table structure for table `inquirys`
--

DROP TABLE IF EXISTS `inquirys`;
/*!40101 SET @saved_cs_client     = @@character_set_client */;
/*!50503 SET character_set_client = utf8mb4 */;
CREATE TABLE `inquirys` (
  `number` bigint NOT NULL AUTO_INCREMENT,
  `title` varchar(100) NOT NULL,
  `content` varchar(255) NOT NULL,
  `user_id` varchar(100) NOT NULL,
  `answer` varchar(100) DEFAULT NULL,
  PRIMARY KEY (`number`),
  KEY `inquiry_FK` (`user_id`),
  CONSTRAINT `inquiry_FK` FOREIGN KEY (`user_id`) REFERENCES `users` (`id`)
) ENGINE=InnoDB AUTO_INCREMENT=4 DEFAULT CHARSET=utf8mb4 COLLATE=utf8mb4_0900_ai_ci;
/*!40101 SET character_set_client = @saved_cs_client */;

--
-- Dumping data for table `inquirys`
--

LOCK TABLES `inquirys` WRITE;
/*!40000 ALTER TABLE `inquirys` DISABLE KEYS */;
INSERT INTO `inquirys` VALUES (1,'123','123','skm06282',NULL),(2,'123','123','skm06282',NULL),(3,'시발련아','홈페이지 존나잘만들엇노\r\n','skm06282','    ㅆㅇㅈ~\r\n    dd');
/*!40000 ALTER TABLE `inquirys` ENABLE KEYS */;
UNLOCK TABLES;

--
-- Table structure for table `likes`
--

DROP TABLE IF EXISTS `likes`;
/*!40101 SET @saved_cs_client     = @@character_set_client */;
/*!50503 SET character_set_client = utf8mb4 */;
CREATE TABLE `likes` (
  `number` bigint NOT NULL AUTO_INCREMENT,
  `car_num` varchar(255) NOT NULL,
  `user_id` varchar(100) NOT NULL,
  PRIMARY KEY (`number`),
  KEY `likes_FK_1` (`user_id`),
  KEY `likes_FK` (`car_num`),
  CONSTRAINT `likes_FK` FOREIGN KEY (`car_num`) REFERENCES `cars` (`carNum`),
  CONSTRAINT `likes_FK_1` FOREIGN KEY (`user_id`) REFERENCES `users` (`id`)
) ENGINE=InnoDB AUTO_INCREMENT=6 DEFAULT CHARSET=utf8mb4 COLLATE=utf8mb4_0900_ai_ci;
/*!40101 SET character_set_client = @saved_cs_client */;

--
-- Dumping data for table `likes`
--

LOCK TABLES `likes` WRITE;
/*!40000 ALTER TABLE `likes` DISABLE KEYS */;
/*!40000 ALTER TABLE `likes` ENABLE KEYS */;
UNLOCK TABLES;
/*!50003 SET @saved_cs_client      = @@character_set_client */ ;
/*!50003 SET @saved_cs_results     = @@character_set_results */ ;
/*!50003 SET @saved_col_connection = @@collation_connection */ ;
/*!50003 SET character_set_client  = utf8mb4 */ ;
/*!50003 SET character_set_results = utf8mb4 */ ;
/*!50003 SET collation_connection  = utf8mb4_0900_ai_ci */ ;
/*!50003 SET @saved_sql_mode       = @@sql_mode */ ;
/*!50003 SET sql_mode              = 'ONLY_FULL_GROUP_BY,STRICT_TRANS_TABLES,NO_ZERO_IN_DATE,NO_ZERO_DATE,ERROR_FOR_DIVISION_BY_ZERO,NO_ENGINE_SUBSTITUTION' */ ;
DELIMITER ;;
/*!50003 CREATE*/ /*!50017 DEFINER=`root`@`localhost`*/ /*!50003 TRIGGER `increment_likes_count` AFTER INSERT ON `likes` FOR EACH ROW BEGIN
  UPDATE cars SET likes_count = likes_count + 1 WHERE carNum = NEW.car_num;
END */;;
DELIMITER ;
/*!50003 SET sql_mode              = @saved_sql_mode */ ;
/*!50003 SET character_set_client  = @saved_cs_client */ ;
/*!50003 SET character_set_results = @saved_cs_results */ ;
/*!50003 SET collation_connection  = @saved_col_connection */ ;

--
-- Table structure for table `users`
--

DROP TABLE IF EXISTS `users`;
/*!40101 SET @saved_cs_client     = @@character_set_client */;
/*!50503 SET character_set_client = utf8mb4 */;
CREATE TABLE `users` (
  `id` varchar(100) CHARACTER SET utf8mb4 COLLATE utf8mb4_0900_ai_ci NOT NULL,
  `name` varchar(100) CHARACTER SET utf8mb4 COLLATE utf8mb4_0900_ai_ci NOT NULL,
  `password` varchar(255) CHARACTER SET utf8mb4 COLLATE utf8mb4_0900_ai_ci NOT NULL,
  `email` varchar(100) NOT NULL,
  `tel` varchar(13) NOT NULL,
  `birth` varchar(10) DEFAULT NULL,
  `grade` int NOT NULL DEFAULT '1',
  PRIMARY KEY (`id`)
) ENGINE=InnoDB DEFAULT CHARSET=utf8mb4 COLLATE=utf8mb4_0900_ai_ci;
/*!40101 SET character_set_client = @saved_cs_client */;

--
-- Dumping data for table `users`
--

LOCK TABLES `users` WRITE;
/*!40000 ALTER TABLE `users` DISABLE KEYS */;
INSERT INTO `users` VALUES ('','','$2b$12$pntIFjwSDl3lLI2epO38QeuMb3qmSVjBYH9qvOG597biXYbSDj.t6','','','',1),('adm','관리자','$2b$12$SnYUL5Sf.OAWtUgyfk00RuTuLZ70Txp1DSGyRhpIhRgDIbYX32lWi','kdh@kdh.com','01033333333','123',1),('admin000','관리자','$2b$12$pKjNUgZUI40R42J3X8zR7u68KqeIal6Lq6Tz6btwa8YOBVHXOn2MO','admin@admin.com','010','99',1),('kdh','kdh','$2b$12$50/TWakw8wxQSB9txxdI5OLRmSttZy2vOY/BsI9evpVqODvwUM43C','rlaekgns1838@nate.com','01000000000','12',1),('rlaekgns1838','김다훈','$2b$12$Ta4RCy3tB6wHSVBnshbXhOTdLXQ/VdF.LTDPHwd5O5u0RT.5U4sOa','rad','01011111111','21',1),('skm06282','손강민','$2b$12$RgIkRK46dhOxlUAMrRy80OpYldvMB5VGOP7Y8oRP/UPEt.a/ClvRe','skm0628@naver.com','14','13',2),('skm062822','바비김','$2b$12$wbC3g.xr8pUBn3JBmvDdE.yqWS6/oGv9n5OdM7oFZfynLvnDEab2W','skm0628@naver.com','01011111111','13',1),('skm0628222','손강민','$2b$12$peKzU/si32OtzcO7xpaVjuExNvJaGrHX5hidaAyK3CSNnMYcCJJKS','skm0628@naver.com','11111111111','15',1);
/*!40000 ALTER TABLE `users` ENABLE KEYS */;
UNLOCK TABLES;
/*!40103 SET TIME_ZONE=@OLD_TIME_ZONE */;

/*!40101 SET SQL_MODE=@OLD_SQL_MODE */;
/*!40014 SET FOREIGN_KEY_CHECKS=@OLD_FOREIGN_KEY_CHECKS */;
/*!40014 SET UNIQUE_CHECKS=@OLD_UNIQUE_CHECKS */;
/*!40101 SET CHARACTER_SET_CLIENT=@OLD_CHARACTER_SET_CLIENT */;
/*!40101 SET CHARACTER_SET_RESULTS=@OLD_CHARACTER_SET_RESULTS */;
/*!40101 SET COLLATION_CONNECTION=@OLD_COLLATION_CONNECTION */;
/*!40111 SET SQL_NOTES=@OLD_SQL_NOTES */;

-- Dump completed on 2023-04-27 10:41:31
